sequence_a,sequence_b,chose_left_pct,n
HTHT,HHHHHTHT,0.4000,5
HTHT,HHHHTHHT,0.6000,5
HTHT,HHHTHHHT,0.2000,5
HTHT,HHTHHHHT,0.6000,5
HTHT,HTHHHHHT,0.2000,5
HTHT,HTHTTTTT,0.6000,5
HTHT,HTTHTTTT,0.0000,5
HTHT,HTTTHTTT,0.2000,5
HTHT,HTTTTHTT,0.6000,5
HTHT,HTTTTTHT,0.2000,5
HTHT,THHHHHTH,0.6000,5
HTHT,THHHHTHH,0.2000,5
HTHT,THHHTHHH,0.2000,5
HTHT,THHTHHHH,0.4000,5
HTHT,THTHHHHH,0.2000,5
HTHT,THTTTTTH,0.0000,5
HTHT,TTHTTTTH,0.6000,5
HTHT,TTTHTTTH,0.6000,5
HTHT,TTTTHTTH,0.8000,5
HTHT,TTTTTHTH,0.4000,5
THTH,HHHHHTHT,0.2000,5
THTH,HHHHTHHT,0.8000,5
THTH,HHHTHHHT,0.4000,5
THTH,HHTHHHHT,0.2000,5
THTH,HTHHHHHT,0.0000,5
THTH,HTHTTTTT,0.6000,5
THTH,HTTHTTTT,0.4000,5
THTH,HTTTHTTT,0.2000,5
THTH,HTTTTHTT,0.6000,5
THTH,HTTTTTHT,0.4000,5
