participant_id,trial_index,sequence_a,sequence_b,chose_left,chose_right,model
0,0,HHHTHTTT,HTHTHTHT,1,0,alternation
0,1,HHHTHTTT,THTHTHTH,1,0,alternation
0,2,HHHTTHTT,HTHTHTHT,0,1,alternation
0,3,HHHTTHTT,THTHTHTH,0,1,alternation
0,4,HHHTTTHT,HTHTHTHT,0,1,alternation
0,5,HHHTTTHT,THTHTHTH,1,0,alternation
0,6,HHTHHTTT,HTHTHTHT,0,1,alternation
0,7,HHTHHTTT,THTHTHTH,1,0,alternation
0,8,HHTTHHTT,HTHTHTHT,0,1,alternation
0,9,HHTTHHTT,THTHTHTH,1,0,alternation
0,10,HHTTTHHT,HTHTHTHT,0,1,alternation
0,11,HHTTTHHT,THTHTHTH,0,1,alternation
0,12,HTHHHTTT,HTHTHTHT,1,0,alternation
0,13,HTHHHTTT,THTHTHTH,1,0,alternation
0,14,HTHTHTHT,HTTHHHTT,0,1,alternation
0,15,HTHTHTHT,HTTTHHHT,0,1,alternation
0,16,HTHTHTHT,THHHTTTH,1,0,alternation
0,17,HTHTHTHT,THHTTTHH,1,0,alternation
0,18,HTHTHTHT,THTTTHHH,1,0,alternation
0,19,HTHTHTHT,TTHHHTTH,1,0,alternation
0,20,HTHTHTHT,TTHHTTHH,1,0,alternation
0,21,HTHTHTHT,TTHTTHHH,0,1,alternation
0,22,HTHTHTHT,TTTHHHTH,1,0,alternation
0,23,HTHTHTHT,TTTHHTHH,0,1,alternation
0,24,HTHTHTHT,TTTHTHHH,1,0,alternation
0,25,HTTHHHTT,THTHTHTH,0,1,alternation
0,26,HTTTHHHT,THTHTHTH,0,1,alternation
0,27,THHHTTTH,THTHTHTH,0,1,alternation
0,28,THHTTTHH,THTHTHTH,0,1,alternation
0,29,THTHTHTH,THTTTHHH,1,0,alternation
1,0,HHHTHTTT,HTHTHTHT,0,1,alternation
1,1,HHHTHTTT,THTHTHTH,1,0,alternation
1,2,HHHTTHTT,HTHTHTHT,1,0,alternation
1,3,HHHTTHTT,THTHTHTH,0,1,alternation
1,4,HHHTTTHT,HTHTHTHT,1,0,alternation
1,5,HHHTTTHT,THTHTHTH,0,1,alternation
1,6,HHTHHTTT,HTHTHTHT,0,1,alternation
1,7,HHTHHTTT,THTHTHTH,0,1,alternation
1,8,HHTTHHTT,HTHTHTHT,0,1,alternation
1,9,HHTTHHTT,THTHTHTH,1,0,alternation
1,10,HHTTTHHT,HTHTHTHT,0,1,alternation
1,11,HHTTTHHT,THTHTHTH,1,0,alternation
1,12,HTHHHTTT,HTHTHTHT,1,0,alternation
1,13,HTHHHTTT,THTHTHTH,0,1,alternation
1,14,HTHTHTHT,HTTHHHTT,1,0,alternation
1,15,HTHTHTHT,HTTTHHHT,0,1,alternation
1,16,HTHTHTHT,THHHTTTH,1,0,alternation
1,17,HTHTHTHT,THHTTTHH,1,0,alternation
1,18,HTHTHTHT,THTTTHHH,1,0,alternation
1,19,HTHTHTHT,TTHHHTTH,1,0,alternation
1,20,HTHTHTHT,TTHHTTHH,1,0,alternation
1,21,HTHTHTHT,TTHTTHHH,1,0,alternation
1,22,HTHTHTHT,TTTHHHTH,0,1,alternation
1,23,HTHTHTHT,TTTHHTHH,0,1,alternation
1,24,HTHTHTHT,TTTHTHHH,1,0,alternation
1,25,HTTHHHTT,THTHTHTH,0,1,alternation
1,26,HTTTHHHT,THTHTHTH,0,1,alternation
1,27,THHHTTTH,THTHTHTH,0,1,alternation
1,28,THHTTTHH,THTHTHTH,0,1,alternation
1,29,THTHTHTH,THTTTHHH,1,0,alternation
2,0,HHHTHTTT,HTHTHTHT,0,1,alternation
2,1,HHHTHTTT,THTHTHTH,0,1,alternation
2,2,HHHTTHTT,HTHTHTHT,1,0,alternation
2,3,HHHTTHTT,THTHTHTH,1,0,alternation
2,4,HHHTTTHT,HTHTHTHT,1,0,alternation
2,5,HHHTTTHT,THTHTHTH,0,1,alternation
2,6,HHTHHTTT,HTHTHTHT,0,1,alternation
2,7,HHTHHTTT,THTHTHTH,1,0,alternation
2,8,HHTTHHTT,HTHTHTHT,0,1,alternation
2,9,HHTTHHTT,THTHTHTH,1,0,alternation
2,10,HHTTTHHT,HTHTHTHT,0,1,alternation
2,11,HHTTTHHT,THTHTHTH,1,0,alternation
2,12,HTHHHTTT,HTHTHTHT,0,1,alternation
2,13,HTHHHTTT,THTHTHTH,0,1,alternation
2,14,HTHTHTHT,HTTHHHTT,0,1,alternation
2,15,HTHTHTHT,HTTTHHHT,0,1,alternation
2,16,HTHTHTHT,THHHTTTH,1,0,alternation
2,17,HTHTHTHT,THHTTTHH,1,0,alternation
2,18,HTHTHTHT,THTTTHHH,1,0,alternation
2,19,HTHTHTHT,TTHHHTTH,0,1,alternation
2,20,HTHTHTHT,TTHHTTHH,0,1,alternation
2,21,HTHTHTHT,TTHTTHHH,1,0,alternation
2,22,HTHTHTHT,TTTHHHTH,1,0,alternation
2,23,HTHTHTHT,TTTHHTHH,1,0,alternation
2,24,HTHTHTHT,TTTHTHHH,0,1,alternation
2,25,HTTHHHTT,THTHTHTH,1,0,alternation
2,26,HTTTHHHT,THTHTHTH,0,1,alternation
2,27,THHHTTTH,THTHTHTH,0,1,alternation
2,28,THHTTTHH,THTHTHTH,1,0,alternation
2,29,THTHTHTH,THTTTHHH,0,1,alternation
3,0,HHHTHTTT,HTHTHTHT,0,1,alternation
3,1,HHHTHTTT,THTHTHTH,0,1,alternation
3,2,HHHTTHTT,HTHTHTHT,1,0,alternation
3,3,HHHTTHTT,THTHTHTH,0,1,alternation
3,4,HHHTTTHT,HTHTHTHT,0,1,alternation
3,5,HHHTTTHT,THTHTHTH,0,1,alternation
3,6,HHTHHTTT,HTHTHTHT,0,1,alternation
3,7,HHTHHTTT,THTHTHTH,0,1,alternation
3,8,HHTTHHTT,HTHTHTHT,0,1,alternation
3,9,HHTTHHTT,THTHTHTH,1,0,alternation
3,10,HHTTTHHT,HTHTHTHT,0,1,alternation
3,11,HHTTTHHT,THTHTHTH,0,1,alternation
3,12,HTHHHTTT,HTHTHTHT,1,0,alternation
3,13,HTHHHTTT,THTHTHTH,0,1,alternation
3,14,HTHTHTHT,HTTHHHTT,0,1,alternation
3,15,HTHTHTHT,HTTTHHHT,1,0,alternation
3,16,HTHTHTHT,THHHTTTH,1,0,alternation
3,17,HTHTHTHT,THHTTTHH,0,1,alternation
3,18,HTHTHTHT,THTTTHHH,1,0,alternation
3,19,HTHTHTHT,TTHHHTTH,1,0,alternation
3,20,HTHTHTHT,TTHHTTHH,1,0,alternation
3,21,HTHTHTHT,TTHTTHHH,1,0,alternation
3,22,HTHTHTHT,TTTHHHTH,1,0,alternation
3,23,HTHTHTHT,TTTHHTHH,0,1,alternation
3,24,HTHTHTHT,TTTHTHHH,0,1,alternation
3,25,HTTHHHTT,THTHTHTH,1,0,alternation
3,26,HTTTHHHT,THTHTHTH,0,1,alternation
3,27,THHHTTTH,THTHTHTH,0,1,alternation
3,28,THHTTTHH,THTHTHTH,1,0,alternation
3,29,THTHTHTH,THTTTHHH,1,0,alternation
4,0,HHHTHTTT,HTHTHTHT,0,1,alternation
4,1,HHHTHTTT,THTHTHTH,0,1,alternation
4,2,HHHTTHTT,HTHTHTHT,1,0,alternation
4,3,HHHTTHTT,THTHTHTH,1,0,alternation
4,4,HHHTTTHT,HTHTHTHT,0,1,alternation
4,5,HHHTTTHT,THTHTHTH,0,1,alternation
4,6,HHTHHTTT,HTHTHTHT,0,1,alternation
4,7,HHTHHTTT,THTHTHTH,1,0,alternation
4,8,HHTTHHTT,HTHTHTHT,0,1,alternation
4,9,HHTTHHTT,THTHTHTH,0,1,alternation
4,10,HHTTTHHT,HTHTHTHT,0,1,alternation
4,11,HHTTTHHT,THTHTHTH,0,1,alternation
4,12,HTHHHTTT,HTHTHTHT,1,0,alternation
4,13,HTHHHTTT,THTHTHTH,0,1,alternation
4,14,HTHTHTHT,HTTHHHTT,1,0,alternation
4,15,HTHTHTHT,HTTTHHHT,1,0,alternation
4,16,HTHTHTHT,THHHTTTH,0,1,alternation
4,17,HTHTHTHT,THHTTTHH,0,1,alternation
4,18,HTHTHTHT,THTTTHHH,1,0,alternation
4,19,HTHTHTHT,TTHHHTTH,0,1,alternation
4,20,HTHTHTHT,TTHHTTHH,1,0,alternation
4,21,HTHTHTHT,TTHTTHHH,1,0,alternation
4,22,HTHTHTHT,TTTHHHTH,0,1,alternation
4,23,HTHTHTHT,TTTHHTHH,1,0,alternation
4,24,HTHTHTHT,TTTHTHHH,1,0,alternation
4,25,HTTHHHTT,THTHTHTH,0,1,alternation
4,26,HTTTHHHT,THTHTHTH,0,1,alternation
4,27,THHHTTTH,THTHTHTH,0,1,alternation
4,28,THHTTTHH,THTHTHTH,1,0,alternation
4,29,THTHTHTH,THTTTHHH,0,1,alternation
